prediction_0,prediction_1,prediction_2,prediction_3,prediction_4,target
0.003787645172061665,0.003666983605003719,0.017596761343906968,0.030128357408886232,0.9448202426579929,4
0.10420549462976265,0.6780923868431875,0.1529844165083322,0.046691919072086106,0.018025781217032417,1
0.06621635476504924,0.4358349368381722,0.29448339136534163,0.10723726117135378,0.09622804934082509,2
0.01249482055621726,0.06390217300194678,0.17902880621065087,0.6118069177687542,0.1327672940374399,2
0.11121047940051397,0.5430698343460589,0.21715251343332156,0.07514927283688301,0.05341790463983552,1
0.02946922754823018,0.5721555656921521,0.28926712889300965,0.08357107254442239,0.025537012839289355,1
0.005534207697824708,0.0070374852602413445,0.00915025591910541,0.02054878817128839,0.9577292638828627,4
0.035004920025644606,0.2033672146188217,0.18871990629304475,0.2507784711048833,0.32212950126221374,4
0.06613922491461227,0.23830654681871222,0.247750507252055,0.31250617030245614,0.13529755124434864,3
0.035354156712705205,0.44975497411941573,0.3787342242757556,0.09751320749972524,0.03864344035267357,1
0.052569567697789296,0.24930656575390944,0.4164329613923648,0.1961521879916792,0.08553871530161215,3
0.048259330099323657,0.0715147025832555,0.31983438205646214,0.1482526664160784,0.41213893514302535,3
0.019194279565191496,0.01979337445452225,0.024847733200144995,0.03286583326182437,0.9032987742463658,4
0.027673357261897718,0.10867621264914022,0.20341576180963966,0.6177121572652924,0.042522511995244774,3
0.074368925563384,0.10313314504857453,0.6596031880223807,0.07251154604325115,0.09038318773878298,2
0.022748186776966373,0.4353565741648155,0.2580750806420239,0.26265750600438587,0.02116264928522548,2
0.00534580070026485,0.007230757960907662,0.010763632445562119,0.035736526897651014,0.9409232969217217,4
0.06023355462643061,0.21989964042898885,0.22103615340721736,0.11445458907703822,0.38437605753762,4
0.05355776943656423,0.1559773133869913,0.1515886848375554,0.29686142117651854,0.34201482646266995,2
0.028241776627391236,0.6267392822092391,0.22359116589828004,0.0985470963618382,0.02288067571014546,1
0.0054436501292235,0.006451008682741603,0.03155440962486623,0.1352225961339297,0.8213283416491431,4
0.14086164433134682,0.3231744025575591,0.32623923114698383,0.13188409381546132,0.07784063639750605,1
0.046241426260607475,0.5988162780816956,0.2641431703616008,0.06032634024626858,0.030472791901700862,0
0.048208824654455217,0.5185677677191896,0.22563373163785608,0.15083215946936115,0.05675751279384762,2
0.059439348966649534,0.41083749016802223,0.471629821899571,0.04022054356752165,0.017872798757649255,2
0.043759756994491784,0.3126075403539516,0.3373976885957563,0.06353338678028096,0.24270162315109078,1
0.03376125948292608,0.23615250184350686,0.5205792143045794,0.14527853907969604,0.0642284820961855,4
0.03088181216091136,0.059050742306717585,0.7231255454342495,0.14195965033772637,0.04498225185587096,2
0.039741004684555936,0.4350729140104067,0.36746831243512146,0.12847905875013232,0.029238687136073027,1
0.01176404372659355,0.03482517394783945,0.4703605297207934,0.15436173463726663,0.32868852628288703,4
0.5926202488489195,0.1001203499365388,0.1614602477313584,0.07850274507000428,0.06729639896690728,0
0.030594854759428868,0.5745494169036247,0.3058966565713147,0.07091162510456753,0.018047460730687515,1
0.05812453273151653,0.31024059857102093,0.4021022755498705,0.14738094497346546,0.08215163686520957,1
0.05395240672533171,0.40770979374921135,0.4232754239676617,0.08941135794205665,0.025651014090017403,3
0.04401217192321755,0.1307807821903704,0.6645381260709142,0.0925884663316708,0.06808043798395853,2
0.09325686880478669,0.24354781253420005,0.4994238707894111,0.07300116214627816,0.0907702846609553,2
0.04374530877665765,0.22508422586056956,0.2302277394756222,0.40840649265019957,0.09253623942359379,2
0.019287682581747883,0.23483211006099694,0.16578562409200354,0.5620356216001652,0.018058958854487942,1
0.034719571337456616,0.29272031227055895,0.5201393721109296,0.12711140989467168,0.02530933884342687,3
0.09732728414456966,0.2956639746058383,0.4552442337836751,0.11381226918359176,0.037952224312486495,3
0.025908990936737052,0.5829515816523673,0.24625048381970852,0.11511103798398462,0.029777909598585135,1
0.02833740560429172,0.5078932310086351,0.35937799437017487,0.07741361247666578,0.026977780787880958,1
0.06891248511571774,0.23809633105227532,0.17726886264615258,0.09051929101782709,0.4252030280392899,4
0.11225292376372206,0.14960229830715682,0.6473975678897606,0.05630496920765698,0.034442250011883425,1
0.008286741628710712,0.009839895634021016,0.02610269930353538,0.05717251193468599,0.8985981595815965,4
0.03391933263107561,0.10736545544721111,0.12460166328451842,0.06264498162972336,0.6714685648122112,4
0.22478241890708212,0.5249992110648428,0.17899991252931519,0.05349361588353512,0.01772483905408775,1
0.03312507765112573,0.530929401009961,0.33911422132869584,0.07846020717946516,0.018371094826443585,2
0.04090824742017914,0.2890543292933486,0.1684518105063664,0.450342445685619,0.0512431675601482,2
0.024140233448917154,0.025202936187133086,0.06665262344280715,0.24400286788739134,0.6400013595228479,3
0.010311444556074483,0.011016674323079909,0.01033142891141634,0.03350149727693551,0.9348389490119431,4
0.018569378332045465,0.019242923433458965,0.038974004053213177,0.041042576209459496,0.8821711156268855,3
0.05036490491137601,0.3931238158865233,0.42156291482625313,0.09258613083594677,0.04236223021374889,1
0.06580441738396334,0.23220298129081968,0.3090086183286674,0.2642704118416814,0.12871356955831517,4
0.034015662992938685,0.16912782725611156,0.33171425649475006,0.40582457959619594,0.05931767898184704,2
0.01733309328156546,0.02262684064647833,0.10575378601342998,0.06778979564036981,0.7864964947957508,4
0.024871089081858814,0.1662931073103657,0.13485312873508354,0.06764809775046005,0.6063345779537699,4
0.0699737439962209,0.5516326026932639,0.2387192551068736,0.0679703160514676,0.07170408421438824,0
0.13481994155780536,0.2554238552572734,0.34713397011326425,0.16893003852557972,0.09369220652022459,1
0.032715657576039496,0.4952228148448677,0.24796081430482728,0.19927201609231723,0.024828705497328518,0
0.03962352246900225,0.4516565808878803,0.2080240879713783,0.16389036897796036,0.1368054653716726,1
0.026852357445286044,0.6173807177314655,0.1984138702360157,0.12445352033836295,0.03289953221991703,1
0.06844778801317868,0.16201401195313056,0.2603846873122211,0.41148554948208277,0.09766797827359418,3
0.05490644265901597,0.2550220667521802,0.5377000797486146,0.09434000572764342,0.058031400522456165,1
0.029567179687914467,0.4592131033529886,0.41817855941521404,0.0784694194709094,0.014571749348628914,2
0.07345276098543127,0.638800180866104,0.17088478126938433,0.06595232079575856,0.05090996280214894,0
0.02761592814155862,0.44757521205513046,0.4256341119907017,0.07424950959625665,0.024925260235479134,1
0.04282076829778297,0.053308547009446476,0.11831719866330832,0.2596945555471253,0.5258589347398116,4
0.06081903317721095,0.02763423035173614,0.1589936466554607,0.35639226141049957,0.39616082933641517,3
0.02965739530070387,0.5186209637895782,0.3701032666458487,0.06751470532182434,0.014103668376599047,1
0.5197492872263083,0.17989650208622332,0.22309575410087318,0.06330429923298021,0.013954145828498323,0
0.005296379158651207,0.00785023098584177,0.013119511677773796,0.03167716282753893,0.9420567000166333,4
0.1424381459328373,0.6137414799312187,0.1666698141902183,0.05388078708666138,0.02326977192774172,1
0.050690778733189716,0.42931840027235096,0.28719474889277496,0.19944613605164557,0.033349922013676994,3
0.019344431253864258,0.1883178756098294,0.3859842325858348,0.39575010285208745,0.01060336089148993,3
0.07775067553049422,0.42892906683897725,0.2633227447869397,0.14509963641711834,0.08489785008334617,3
0.08941586773211967,0.19478343314826038,0.3696625014411108,0.15459050860229848,0.19154769519633044,2
0.06332543699311784,0.29888189060638043,0.3104271567161437,0.23572073492247844,0.0916447799636031,3
0.06613508810063386,0.24913245602206616,0.31586229493910084,0.11357334715363865,0.25529681857421943,0
0.03185795333488693,0.24095271182577008,0.4518117269421255,0.2562186229654356,0.019158984599166484,2
0.03251018852279824,0.14357215588639807,0.15962109243902295,0.2091286433178445,0.4551679124166172,4
0.023962310020969917,0.025420833078427647,0.03131379912660134,0.042075748872032505,0.8772273110805981,3
0.03296331822237862,0.14718358642648507,0.1678364870134271,0.13805979996198273,0.5139567883522911,4
0.047921425492731914,0.1622000437103189,0.16333777726268323,0.5578808418564953,0.06865990309629832,3
0.06971759992599856,0.5084507825900136,0.22179975044854222,0.16057852095654584,0.03945332775180198,3
0.04456307450137138,0.4019887336420425,0.33738827229512985,0.16859788330325878,0.04746204836539088,4
0.1904414992718341,0.5727626100951823,0.15983355118555448,0.04906725523054529,0.027895088607404684,0
0.03457313858503124,0.5978250214809167,0.30233105279502187,0.04996564057010793,0.015305143741692926,2
0.11784877455707085,0.24579562620373166,0.44900138112043875,0.10627634293608394,0.08107788369762405,1
0.060417476837184694,0.17717702282036424,0.425720869713527,0.2322491562672888,0.10443546158921126,2
0.03183490431924183,0.2920096861986784,0.5588144227171963,0.0947237206822962,0.02261726728000202,1
0.004840096957715494,0.006939339937416508,0.0166976478133412,0.0446898139190134,0.9268331131803532,4
0.07135425707394931,0.2270294773454127,0.37451214898918234,0.2355123012468152,0.09159182479091241,2
0.0597191890081907,0.023009748629242856,0.02848520416420029,0.05735360195920981,0.8314322522976662,4
0.06209350198975446,0.3136305933033326,0.3590592659013275,0.21340008586487555,0.05181654016828606,1
0.046615425344567904,0.4538820430279212,0.37126473181026665,0.08875160463987052,0.03948621965785286,2
0.037678889589206614,0.1317117119598562,0.20951789642416624,0.13685762062122667,0.4842338784785305,2
0.02883820355188236,0.5950069940458697,0.29637609237681034,0.06638448846963428,0.013394234960195959,2
0.10550696823953058,0.648019988535253,0.1945481949529719,0.03892405645305771,0.013000781973776665,0
0.014516275974788837,0.0330449849119833,0.06041211865245429,0.18768487971749018,0.7043417662881312,2
0.06507893155000734,0.23898846652470732,0.5519315548414909,0.08021036652585788,0.06379067510304724,2
0.08082968339198092,0.43923587517144835,0.28350323126316324,0.12515629617430737,0.07127490761288816,2
0.2687209740960986,0.34624259961488774,0.2968604873139876,0.06111665843394222,0.027059285729881057,1
0.10138700599487682,0.43868553574332897,0.28522528349533177,0.1580292979629185,0.01667288019621894,1
0.07692157497089795,0.3644514970937071,0.4076683629052815,0.07724481977747068,0.07371373633855519,1
0.036718993917649066,0.4503823763418876,0.32559257365257815,0.12267201445044648,0.06463405899995243,3
0.024940726584502908,0.2383632945052594,0.13333964751941887,0.10897061592807514,0.4943857249090155,1
0.0057039472407528335,0.006303981931388316,0.01704979872518259,0.05226788544348523,0.9186743912160195,4
0.05841383129390955,0.5034860636012962,0.3425322023545086,0.06636218809440697,0.02920571132972673,2
0.0369988494777039,0.26173880782683795,0.5168544034075746,0.09948281468461988,0.0849251244702176,3
0.04926817478788329,0.18597307992133486,0.263841316339288,0.41753039740554215,0.0833870248271245,2
0.07444943094930223,0.16297249413312,0.49221907014227023,0.21809266085536483,0.05226632828702798,3
0.06257707801878941,0.4071797110641501,0.25019111054670007,0.12812213135683345,0.15192995491064235,2
0.023819753297640533,0.10262505411577845,0.19992757040279946,0.27460365083274946,0.39902397797007466,4
0.08438422775371114,0.1501757535860931,0.16112036023776394,0.19212733985340696,0.4121923116506286,4
0.028092505622577015,0.5570686331415351,0.3201776512538023,0.07668832685990608,0.017972896792664284,1
0.05748300700621325,0.04873729994678159,0.27348372235038504,0.18721755122653772,0.4330784321094602,4
0.049484971500045785,0.5346466743467161,0.1914885029884623,0.1814062415102518,0.04297360592923378,1
0.029552767223921934,0.5828178284183732,0.24354629002492728,0.12388406342945543,0.020199061480485846,2
0.050502235348822845,0.04316410997262516,0.10634994439732816,0.29088522539694034,0.5090985130235299,3
0.04689375668730308,0.5020207184603332,0.33305253247303507,0.07923396321859999,0.0387990263667609,1
0.054479196811145804,0.19344237874542072,0.3675211985425049,0.14884859507777776,0.23570861006796204,1
0.007160060440323183,0.005768794486871725,0.014656532584219477,0.03414597919818479,0.9382686267378814,4
0.03386582310911517,0.30242184110796405,0.2849630498632079,0.22721136368742142,0.15153792808631897,4
0.0065491700910830074,0.008844953047482172,0.0288828020264367,0.08526433003606725,0.8704587537462799,4
0.05341584574199786,0.5767817102909155,0.26116618081934956,0.06702419238606513,0.04161207861139089,1
0.054875999606112204,0.40198028348253306,0.30244837572513905,0.1472195781696312,0.09347574917979196,3
0.05964590107880015,0.19952470368735656,0.46682106206108653,0.13187491785823557,0.14213341717716638,2
0.03174318886187472,0.5091746949096836,0.3730047136440874,0.06838536825552557,0.017692023951234332,1
0.03439390611955493,0.5636847018825495,0.30939961587153586,0.07005805132188715,0.022463710701587935,1
0.08151547170210408,0.2730462194799597,0.4489052322520025,0.12401648464303437,0.07251659351945249,1
0.11907949934678286,0.4045647866285975,0.27842301626280463,0.17013187744598537,0.02780081898536892,2
0.02816503166846485,0.3717146796780727,0.4991614923248854,0.08567537957283566,0.01528340903906864,2
0.07606548506670105,0.5538139093923987,0.24491211703494412,0.06499834919113104,0.06021014437057609,2
0.0266625443814715,0.6478518225417417,0.24827354619563893,0.05895473974766306,0.018257340680749835,1
0.015964066410171136,0.027592337605226062,0.0397747457148697,0.07519876513427291,0.841470084669799,4
0.03399877147752352,0.2890343796607068,0.523874566456287,0.12775481951542964,0.025337443598371125,2
0.01175361112333422,0.011953932975864098,0.0344906320374042,0.08802034116834852,0.8537814696565328,4
0.06091578966957979,0.16622774896103493,0.32547322978891746,0.34518744692831577,0.10219580204792729,1
0.028363534063157954,0.6171618446362352,0.23053465828242356,0.10345280766626115,0.020487146637403492,2
0.10198159885085814,0.13726358426455035,0.3872205516207269,0.24698001261720445,0.12655425557367406,1
0.036416351054734175,0.31610830406814083,0.27327045669898775,0.3040782486958488,0.07012663622265941,3
0.027663746751612105,0.2389617718621962,0.4811921387090421,0.23086159976980922,0.021320732995407144,3
0.017415532554092183,0.02387966409451709,0.16381037305516274,0.1474885030359001,0.647405938502722,4
0.050684311274203066,0.2231194214742064,0.22473724292149894,0.15041420322576157,0.35104481292199596,4
0.051759735194430154,0.3911531305794225,0.3942074178985007,0.09471274622346791,0.06816696797544146,2
0.15543033466677372,0.47997435604129635,0.2943061829372578,0.04616968919326505,0.02411942239329207,0
0.10871599868737454,0.7156947649952058,0.12838509160505973,0.035768108563768046,0.011436042967203627,0
0.16864153196488776,0.5236142917688995,0.20910855045407178,0.05884186718406562,0.03979374302842226,1
0.20571575765238054,0.2990728632707887,0.2691879351867217,0.1257842695268163,0.10023916491702109,0
0.015651053497094263,0.03346420076112386,0.3957065205853633,0.1848502286312375,0.3703280120250498,2
0.05301596984759448,0.3505206476740495,0.4080354061529187,0.09968213054426033,0.08874583527053656,1
0.4025435016206408,0.03044563871069053,0.2327022217505354,0.17505660091257982,0.15925203481029307,0
0.07174075467249366,0.32394204725808157,0.40654783882852447,0.13599113892579992,0.06177823149097135,2
0.04227481941016405,0.05803455317244304,0.10769777496212145,0.24441242393804977,0.5475804078285559,4
0.07703485683547287,0.37507017939372805,0.3942808309336275,0.05798248178757419,0.095631638942404,4
0.0773824192620807,0.24338926698482827,0.4049518014974187,0.2033923560272838,0.07088416035281711,2
0.04429775400870254,0.6380474334167289,0.23705976406596377,0.07117036398995016,0.009424691570096946,1
0.05763925998966019,0.3875756328932716,0.26815745817043907,0.0949901032071224,0.191637564099866,2
0.1465609945734536,0.2136931104010619,0.4209279151874857,0.11860791184254285,0.10021006307275092,2
0.04683091813876006,0.45971618248745355,0.30290591118476523,0.15412379998413828,0.036423193659772264,2
0.04651098486098186,0.4446433005474531,0.3905402968673374,0.08017814390648668,0.03812726766435974,2
0.04373435409635492,0.3519623028575452,0.2759511096353432,0.1011119635285512,0.22724026110116405,2
0.0883446487225722,0.5354452837753877,0.2191546357500613,0.10427648449585135,0.05277893860813209,2
0.14165456950065175,0.22022988211289904,0.315950805835088,0.17952155361757752,0.14264318919987587,1
0.038345062956485924,0.03111003483768751,0.04538345421455831,0.06715665428684013,0.8180048130958948,4
0.04382208155159175,0.20042785398343763,0.1957717029175912,0.2322303705590024,0.3277479855334877,4
0.027924407308319608,0.6715429594646692,0.18395572965184534,0.09491875323948189,0.02165814454817942,1
0.027692624142197513,0.41607992092236395,0.2549053157306172,0.27759303630624127,0.02372909172270927,1
0.03784973006285637,0.40284597425186963,0.35802455459073684,0.18255033466700185,0.01872941760340618,1
0.006817713830309645,0.008896092426519623,0.02656336249701666,0.1033247721443503,0.8543980592348498,4
0.3467833310550209,0.148360765205899,0.19988102399804158,0.1786376120874326,0.12633727244326484,3
0.0646947043288312,0.28428848303086585,0.24162977708584416,0.24589074280566764,0.16349629554275893,4
0.023727731648039395,0.34183230284407173,0.4012632699399153,0.21003542861461402,0.02314127323978694,2
0.047177734937700784,0.1069788411292653,0.6797208072659762,0.10382690517852924,0.06229570789628436,2
0.2524521877197115,0.28755613609996716,0.3293340114107305,0.07077689926073483,0.05988075572996897,1
0.061174049343145895,0.35844072816481704,0.48806603771355006,0.07530282074208293,0.01701636453532682,1
0.08994459211029548,0.14726248244822618,0.14416734277147863,0.30053824291635767,0.3180873341657066,3
0.008038933905759419,0.01284030890783498,0.03312298337127397,0.09327038023066225,0.8527273974760671,3
0.05385375752956055,0.4605137403532071,0.3640281323988544,0.07012196139511082,0.05148240180400916,1
0.059439292808672294,0.42132003489353176,0.2757350539946129,0.10384227355027605,0.13966334621641385,2
0.031427539818400865,0.36039502489552583,0.4402029571446957,0.12387063767596936,0.04410384226153039,1
0.47423819601111533,0.199740970984368,0.15566413211125107,0.08664992817873178,0.08370677244844174,0
0.03365138273675315,0.24121665562121825,0.5053480395039978,0.19895042020166587,0.02083350519599405,1
0.061101322827867795,0.33994983291224473,0.2699824567261033,0.27167067989862304,0.057295719675831525,1
0.02705542260297906,0.7203911023625864,0.16457406325528415,0.0715409454927008,0.016438459301530237,1
0.00797466335019895,0.010201635796499684,0.009401297745941005,0.030420266326487595,0.9420021238088798,4
0.028017137630108598,0.21095453504139092,0.3396818251305298,0.4084446860166105,0.012901824330432727,2
0.031813469822352426,0.13294206808461578,0.6732701617459211,0.11746799243589592,0.044506308376875955,3
0.034507508028719866,0.17730288630968039,0.44511376532948804,0.31016712026419485,0.03290874474796503,2
0.03702860135106046,0.17200348787644573,0.3084958208207028,0.13550145089494953,0.34697063619635077,3
0.04215772602190029,0.49313843172567734,0.27861061196036946,0.1494220267488424,0.03667119590969151,1
0.11579433184694357,0.21006427425295052,0.3334916885852155,0.19635618772214894,0.14429352823642802,2
0.04506933464611608,0.25453812107455004,0.5270371622589206,0.14839163621558019,0.02496375298932149,1
0.006566613962474678,0.008696729958314527,0.015738143579483225,0.02449099831526274,0.9445074964727053,4
0.04996262851810186,0.58759784832212,0.29779753518093477,0.04509726825293695,0.019544732198976504,1
0.020994171253291224,0.03265137127335531,0.21030602218816166,0.15300856276795685,0.5830398546225368,3
0.04144512358733704,0.1500747711441854,0.188589478571561,0.5629407747821398,0.05694983834407641,3
0.01836935522689192,0.01921965650690095,0.023487192782701886,0.02760386521930073,0.911319948125641,4
0.007835044891440443,0.007706245196803565,0.013092596104659742,0.03648771411451025,0.9348784084071043,4
0.035354156712705205,0.44975497411941573,0.3787342242757556,0.09751320749972524,0.03864344035267357,1
0.03894004852567633,0.3579341672883044,0.4796549585622715,0.09923695511455073,0.024233871640088594,2
0.008878696011423867,0.01538460590004859,0.11275093354554491,0.26028492048728485,0.6027008465170504,4
0.027098542294188822,0.3790718617118528,0.5016962628678912,0.07348838844848411,0.018644953924285692,2
0.025179592614826603,0.4178316675854962,0.4509654071456572,0.08510541464563329,0.02091790869516095,2
0.04368733891865106,0.5692189841656693,0.1318624002153285,0.09952803496265661,0.15570323521843657,1
0.01948428725164933,0.020378131792574465,0.058476413708525576,0.13064407548904125,0.7710170801832001,2
0.09702091652136709,0.282518152666572,0.3869646189036035,0.04985775895897713,0.18363854855895964,2
0.05154015777557447,0.2977411652556678,0.4167986885505418,0.1515221822772328,0.0823977976925568,2
0.15200956254478104,0.5677633881558021,0.20771533489457786,0.04547657806944156,0.027035136701274193,1
0.028584041507233593,0.4615418942284331,0.37504280400084605,0.09648769166842078,0.038343582564905054,1
0.1471040368759962,0.6055531248021538,0.15563295239898106,0.05504417833192564,0.03666569125953672,1
0.07940185494489108,0.19350284483723637,0.46762853632747226,0.16077403393782969,0.0986927299525706,1
0.07856509851107372,0.20002235729129256,0.6254277542025859,0.0734895250608936,0.022495267728122048,2
0.08033187547325514,0.2447019848627187,0.45431445245687446,0.12159921234567925,0.09905245942812688,1
0.09462622619416762,0.22372294682368357,0.549310641766853,0.08304120385132009,0.04929897950133067,2
0.03688900098461915,0.1289275350715417,0.32422985601262816,0.3327369429739796,0.17721668557937406,2
0.06334246180427562,0.18147153178502817,0.14599060129671454,0.05297253507724936,0.5562228668768879,4
0.07303134209975837,0.18406181406357217,0.17175598209970314,0.06135528980596173,0.5097955695361752,1
0.027663767017878156,0.6127283934634248,0.26535624675839287,0.07667796536407914,0.017573649448613192,2
0.01862250445200237,0.019257003922496133,0.025333732969788265,0.024940320108372573,0.9118464465966286,4
0.04665644694751782,0.4546264667819449,0.3047895235301673,0.15682195200206595,0.037105620450667995,1
0.02027386961738551,0.04140383736821597,0.355773916548051,0.4381505369098506,0.14439783024327119,3
0.24648383159456855,0.5153187547601775,0.16924089593338693,0.05232046376388853,0.016636064259049854,1
0.06161431453050025,0.35897921662219096,0.404555536721769,0.12669169301866726,0.048159256802001504,0
0.39775714207722224,0.3052915662816269,0.1281029426516737,0.10846033229238161,0.060388014302266056,4
0.05051377601361184,0.2829570828900897,0.5287314404622313,0.09454079875172902,0.043256911195564005,2
0.03483797273146795,0.7156004011622125,0.19003619329802218,0.04341662410623081,0.016108804477853383,1
0.021678612918437933,0.05787249482123068,0.1933144623276824,0.24068967246452416,0.4864447621912608,4
0.07632678476545458,0.40383946082365985,0.3594017956271998,0.08360329387965262,0.07682866157788089,1
0.008823589439930285,0.011000457566654798,0.03696905805028004,0.07031461413380895,0.8728922880603373,4
0.004615244053682063,0.007497556805333047,0.015574579332313227,0.03940992252303906,0.9329027102077333,4
0.018339144340058382,0.018392779452886365,0.03698842349893563,0.06287256606730522,0.8634070728040218,4
0.18425031168956477,0.3312698927562977,0.1696576585564455,0.16158165492373297,0.15324049458029068,1
0.08256994359659071,0.415096588349446,0.2765831664569759,0.16810431607075763,0.05764597474949701,1
0.01499922371051761,0.03134136488898665,0.3839016432105025,0.43419882358155987,0.13555893769003688,3
0.05886805927316211,0.15030377881112775,0.2318928164728468,0.4559482643094205,0.10298706836101909,3
0.04542121558177696,0.2252482902389183,0.5996038891737551,0.06798949417634005,0.061737120208958426,1
0.024788367252179387,0.4766490883026676,0.40611037091647045,0.07792272291842815,0.014529457761481252,2
0.2414502314509703,0.26767489991624716,0.14451468166439024,0.2078721529605947,0.13848804544976068,1
0.3111468059832226,0.2904759758776651,0.15434271087938536,0.17049767902616988,0.07353681812205494,1
0.2619119925420298,0.2285148679307689,0.1577427699292813,0.2973549053326585,0.05447546133824762,2
0.033128881444795574,0.051898506795134795,0.09008422264979019,0.12494479621797536,0.6999435819825254,4
0.016049431099262285,0.045476896124667335,0.1369640044810001,0.3021684611920767,0.4993412245320304,3
0.03362498707205536,0.06095063495088373,0.25366217624773485,0.14393944234035466,0.5078227636464461,4
0.02150162931393015,0.10507024731319854,0.4730993518960746,0.26957442000103493,0.13075432985577334,2
0.03889888278875504,0.055239500344854024,0.10156266671815818,0.19195027577654192,0.6123486790948266,2
0.13911170945349705,0.5912203467165268,0.15912069758567876,0.08078866655901136,0.029758588931988583,1
0.03041705785137414,0.5307545825074335,0.33329442502390677,0.07873684204529026,0.026797096829470148,2
0.11526603706967684,0.2556067499102944,0.5289453100014261,0.07729916990537385,0.02288273484282786,1
0.11913777875020483,0.24845986876586548,0.5279694680006892,0.055474622339321523,0.048958272122375295,2
0.04869388529556964,0.17256876946390962,0.2602704534363453,0.12243098798910731,0.3960359086712501,3
0.06333640316715691,0.23026893181737562,0.21054958315735198,0.05196677828215158,0.4438782840847129,4
0.007261930285320595,0.009915077597264062,0.03249953881309197,0.18549849393461312,0.7648249440860416,4
0.031140785613096297,0.12685000003087937,0.715818647266112,0.08522020520105898,0.0409703789852749,2
0.08250883967065423,0.3193837280706125,0.2799690496678276,0.2528776276776012,0.06526074686401653,2
0.023488828259511263,0.12241050622306096,0.17884550731673113,0.6268942107474514,0.04836096498206654,4
0.13292085700026074,0.2780455933528474,0.2903981589901049,0.19827283553624062,0.10036255379008549,1
0.03732986609531585,0.3417117005108303,0.20978887215565512,0.12485794109052714,0.286311633851418,2
0.04704500104692533,0.19096522433234517,0.2487548513580657,0.23733889228416985,0.27589603570162985,3
0.0890426017345609,0.5479926219626325,0.22339359414676313,0.07549022107220746,0.06408096554087983,2
0.11182303691613556,0.20769218857924923,0.4386793304292026,0.1248420425179231,0.11696341273336044,0
0.08438765302824316,0.2120388060658665,0.25478819272886527,0.13928360897005415,0.30950173015983723,1
0.027502898961219387,0.36238206725252187,0.5189120220990432,0.07249027803511734,0.01871273953938715,2
0.1200971303997074,0.20943354300654712,0.2252913792129861,0.10868519702528963,0.33649273838132226,3
0.05617344827994565,0.19183238389265864,0.1899229009988819,0.14679115673887486,0.41528011567757434,1
0.010886012433241657,0.016299484211690012,0.031439105067578625,0.15996655458157402,0.7814088556135399,4
0.07860713693508421,0.5229739816774785,0.2562185943851546,0.09155806015412157,0.050642232702188636,2
0.022016494997028506,0.10078929077821194,0.18526882791583568,0.1309958689361074,0.5609295077934986,3
0.06503425674721633,0.28293515757479565,0.4913499529246013,0.09354259928414159,0.06713803400142945,2
0.0026693445397206394,0.003460009677271857,0.010368254988424638,0.0246292257673059,0.9588731478892788,4
0.08415684372537577,0.24633815890010943,0.3517766840315891,0.1398994636182684,0.17782885850569866,2
0.03173660094208935,0.47678188186822945,0.35246878635224643,0.11251879303015397,0.026493927562732573,1
0.02825478966712913,0.24992758314161287,0.22600638150531846,0.24227104965878787,0.2535401752054398,3
0.05950062490828933,0.20294099929469653,0.29203593314095194,0.3506625845536453,0.09485985530844905,4
0.0719237398862512,0.18993251146743043,0.34367880939901996,0.19063350417224806,0.20383142336699503,4
0.014738855683909995,0.011766274547311684,0.024877038412559373,0.03523173939919869,0.9133861204954049,4
0.01878688464473401,0.033941472753838714,0.08860754439659203,0.500372199400516,0.35829187625300835,4
0.07780938703029303,0.5868048994984311,0.19795792773053303,0.06751263864762364,0.06991517623021133,1
0.03695224626911805,0.41219858986293845,0.3999294966206537,0.12050869382069149,0.030410957261499356,3
0.03852292146906703,0.6054015153291246,0.27784725412795586,0.06275094108529439,0.015477350426475385,1
0.029944398555848267,0.36509433108909917,0.4582014521393461,0.12732244569929788,0.0194373660636736,2
0.04334094973968668,0.33066670716836233,0.37644980864183736,0.2260738924228707,0.023468636572353565,2
0.045653231076087444,0.3752707158104072,0.4212381689996234,0.13328880769456647,0.024549054333665804,3
0.044606000316135756,0.21737989781114894,0.34401471441926784,0.2998018556988709,0.09419753428245217,1
0.0490202584951569,0.4694871969733237,0.34295343118507093,0.09264923364673401,0.04588988063103709,2
0.05919427658343005,0.5552455127929189,0.28704724890998884,0.06716782129907603,0.03134515265482567,1
0.008343842315344827,0.009848324976640071,0.010475301567063194,0.02788259163059347,0.943449951052106,4
0.005773070750625006,0.007919884196074492,0.009427642560012831,0.03025969733665445,0.9466197124076449,4
0.021446915106595927,0.22360906110894416,0.36247486181939986,0.3764949627326778,0.015974194475984797,3
0.041933291601629126,0.1821534095307534,0.17877981908919385,0.5241113176006021,0.07302216616920389,3
0.0802370751415132,0.5487844016006032,0.25320702903546727,0.07414278589835456,0.043628716439872664,1
0.04582490748562788,0.173430804492523,0.3702091876502341,0.31627309475478643,0.09426199790015592,3
0.07200825269812118,0.2429043478806652,0.3446975606103475,0.20057890783504978,0.1398109277827103,4
0.06910070003891858,0.39851145837039104,0.323160699364721,0.1719372049492498,0.03728992783044781,2
0.0872297240598853,0.3425696210145151,0.22211320254088207,0.20604261372620988,0.14204484770564124,2
0.058271206488594025,0.4310520802774617,0.3083757429529564,0.10296920063456837,0.09933178308407374,3
0.049870478704036485,0.5139218867949932,0.30736759561494786,0.09081245311502391,0.03802757659081895,3
0.010157243863186899,0.010471613658587509,0.02869686593998666,0.09527094575992807,0.8554033322085564,4
0.07941515530749976,0.4617401364741384,0.22783383929081927,0.11568353260723965,0.11532732594270842,3
0.17312542338805179,0.4040740240524491,0.30039604326148533,0.09156626661221819,0.03083824381668728,2
0.05863159114490032,0.32421909722655345,0.43622279551414705,0.13759793294054673,0.04332858290776011,2
0.06969630935226098,0.5206741080223551,0.1597672932750085,0.13365000262892526,0.11621228392748241,3
0.02916823343175313,0.3269345012225933,0.2985514026438451,0.31986168438328344,0.02548417978203185,3
0.04052445563824179,0.3765578938609605,0.38798584120076635,0.16483381230665767,0.0300979898088853,1
0.05399199944751552,0.371694635751916,0.3969334358821068,0.12028325189471803,0.05709667057100875,1
0.043268676695940346,0.6339298456656184,0.20899123539156567,0.09393611129080566,0.019874134548314222,1
0.49833381961060536,0.1628903863599122,0.22941820255223896,0.06145834758656484,0.047899247117046115,0
0.04814281931894223,0.7458979231734016,0.15129537247884026,0.0447965328621882,0.009867336533712977,1
0.025117019132260592,0.3221840270153332,0.3086120969771718,0.31344937184382476,0.030637496373588032,1
0.03246164866842311,0.2432100770269708,0.496394230124673,0.2086865200740586,0.0192475256359043,2
0.04026267239673238,0.18024769905420285,0.39999401092337866,0.08977608610503304,0.2897195272631786,4
0.029934445774908485,0.30816857133989906,0.2638997062385224,0.08294220308162567,0.31505507795556514,1
0.028629106851826285,0.21817050147458597,0.675636047131668,0.06235447176781995,0.015209880490772596,2
0.037414017720034456,0.32515242156072943,0.3042649545200416,0.299210887862921,0.0339577219285176,2
0.04164554329733725,0.5501132094337637,0.25449485138454775,0.12518243804809587,0.02856397872449024,2
0.030832327499110086,0.5238452078423759,0.26878970239900163,0.15028292975397714,0.02624983203987401,3
0.04016426384358549,0.1608294894404732,0.616392166307325,0.11474776512393213,0.0678663224691725,2
0.027148721599606067,0.4844355297635786,0.3767975814269181,0.08911093445394312,0.022507244630316864,1
0.0591726945795119,0.14483037258687428,0.633278694813957,0.06683000207506604,0.09588823873855865,1
0.03590422431902782,0.22070309202792998,0.18897107794128232,0.1602627230340403,0.3941588740297242,3
0.018695048626537307,0.01959717784151609,0.023341382425806047,0.025540967056814433,0.912825423084742,4
0.1310452540609983,0.24018539666771493,0.19960539819212902,0.2387518876198657,0.19041207011159614,4
0.12854765539411042,0.29537229014284433,0.3958486124828271,0.1425402073755217,0.03769123300814335,1
0.052126407649886686,0.24129376338520947,0.3128090752488668,0.1664699769039764,0.22730077488289255,2
0.056792806842322255,0.31447424519216544,0.2676965756087836,0.33876580324578853,0.022270575098013844,2
0.04516244995362841,0.48375386091768136,0.34986531664048115,0.08450414922469827,0.036714222997418666,2
0.13175560348849163,0.13425320373716954,0.458770582935433,0.1267595511878719,0.1484610762131167,2
0.06686402629875168,0.2494029314616006,0.5504386173308866,0.06629089266783159,0.06700354767427516,2
0.025744478018339696,0.09170813668721507,0.3504420961191738,0.13536954224324746,0.3967357318978167,4
0.020120052772992024,0.03370119480018054,0.25806181067338635,0.14034617397655214,0.5477707665129511,2
0.05572312376324353,0.5204518504973151,0.2770579555753922,0.11996371323663153,0.02680336051966198,2
0.05451210262860973,0.49315646509711136,0.1863777487352626,0.17942900493884797,0.08652468498638029,3
0.06061698182016885,0.42480096053845456,0.40797139980216063,0.07899091455043152,0.027619746548413402,1
0.0018082316151550922,0.0020972004575216846,0.010841899099082824,0.02079727127771251,0.9644554092003755,4
0.04715262425624878,0.4250243255701425,0.334181492882448,0.1263061422246391,0.06733541692916678,2
0.002729640092833766,0.003866092388691583,0.009703425422742716,0.023252569595531992,0.960448261673575,4
0.5573659614556914,0.23956255095021092,0.1377478342247984,0.05432619976112769,0.010997458115107593,0
0.2264075787219597,0.5033164350920782,0.16505093686483427,0.08520921894030628,0.020015822131964404,1
0.030950513739933693,0.18569975325627672,0.2969249671301208,0.42243673522318986,0.06398802566125074,3
0.03562752978649875,0.7296615570465922,0.13085806906976608,0.07092806382701199,0.032924793242124065,2
0.06801475461049569,0.22059820030321262,0.3888971166578305,0.17302823898004044,0.1494616809334714,3
0.03605472787676053,0.13692159306796206,0.20694711065109664,0.5237467516981823,0.09632982851383821,3
0.04817797481204185,0.5603316061546886,0.1473676638262897,0.142256944728931,0.1018658289714542,4
0.0404355673413929,0.15144886953973438,0.25434892149062405,0.39070456326484065,0.16306209386327652,2
0.03702860135106046,0.17200348787644573,0.3084958208207028,0.13550145089494953,0.34697063619635077,3
0.05345052654906062,0.06816983617656587,0.2061491867939166,0.20973400960134686,0.46249643781905025,3
0.05262344200143376,0.12630684011791074,0.22307574313192666,0.4005336305396026,0.19746032372002956,2
0.0687735358392034,0.4332965441377663,0.2667701325094319,0.13026915690029772,0.10089062103398284,2
0.014247696553130336,0.026025055201404135,0.20208685685552324,0.5162487531477293,0.24139164522713236,3
0.03851546682173934,0.28154788324560254,0.46957942181063755,0.1862889883325422,0.024068254224978273,2
0.018982284690278454,0.019624866111551686,0.023363651096949316,0.027515345503197567,0.9105138655533852,4
0.02185766808038388,0.04776734718301646,0.114798873343529,0.14401195006140735,0.6715641702457509,4
0.10006995041035306,0.4669826610285096,0.2755201101764397,0.09805385434202764,0.05937343069497403,2
0.05540392540140432,0.4058496521313482,0.396877253187278,0.09876058450546164,0.04310857280036049,1
0.08657284993217126,0.3374009782885715,0.2322832325115951,0.20443560410006523,0.13930731787160636,1
0.03465524008103906,0.38201375009648786,0.4441813316228331,0.11891349037023204,0.020236179979689104,1
0.020899128025335955,0.08532468230714098,0.12253314661552928,0.5726483403755881,0.19859467693198868,3
0.13126937567626457,0.14579346152913128,0.14435282129239552,0.2909922598678944,0.28759208669006536,1
0.03544848528029233,0.05131462463268254,0.11271769888689034,0.23806834197422208,0.5624508505896351,4
0.1869815824602776,0.3634894676709159,0.2763900004471157,0.10952111341893579,0.06361786074932627,2
0.08266332792216144,0.2818017449543889,0.4595900698303407,0.08267444752773805,0.09327041615158281,0
0.07029150776672588,0.2912918247344192,0.3430048170038934,0.1700912794638045,0.12532056890241974,1
0.16354646317918917,0.27965773212701994,0.3842992500986124,0.1075810596588066,0.0649154868205609,1
0.044610067289403685,0.03244463099540118,0.19526511788771028,0.1054355766307894,0.6222446121859235,2
0.08559575473964684,0.20867336134233877,0.46724886028663803,0.13115969762859955,0.10732233332031127,2
0.16231350675466008,0.24228997489307777,0.2376477875436865,0.33597896786949255,0.021769772851016184,2
0.02796455714723307,0.44428780277915225,0.45700173263097643,0.05628300105473512,0.014462893715263601,1
0.05932211348209892,0.7041339836627465,0.11567129924347579,0.0701545301775776,0.05071807448183906,2
0.04323535150428432,0.3116938935636448,0.42311344826929026,0.18658797002543784,0.035369334042944255,1
0.043427530609354066,0.23673576215033418,0.20463534281175286,0.30693784852058903,0.2082635355655285,3
0.029766098661143225,0.3542321468915292,0.24990039559469027,0.35567201284489786,0.010429337792143861,1
0.03264404085433286,0.5331141237635233,0.29416554112578686,0.11610962613220142,0.023966656549146252,1
0.17740174018540295,0.2610538394587635,0.22262043794817912,0.19599584963350278,0.1429281447482991,0
0.0062070753561462135,0.00907501663067245,0.07426843813505636,0.2720318833302032,0.6384175941648101,4
0.05711554925339866,0.24682502943574874,0.5026637177571616,0.16615041860942756,0.0272452997123786,1
0.03920714738100027,0.25171455185669733,0.24208336956437695,0.09734863751426838,0.3696462906901202,4
0.11829433745402175,0.6355419527444651,0.17413943245927968,0.0487555246061541,0.02326875340130988,0
0.038089180355375056,0.10091034865275264,0.19029948977044633,0.48766438814955254,0.1830365993250394,2
0.06348057963360468,0.30699426934672974,0.38160808661607354,0.20000296540846518,0.047914088284917146,3
0.0320623393870625,0.5862149042679661,0.29396911545688476,0.06298644406591736,0.024767198817860697,2
0.04164344182022422,0.4107278436817233,0.36643832439179974,0.13316166994558098,0.048028708718708776,2
0.05900718851468993,0.13359748219028791,0.29911628092061815,0.3994326753245533,0.108846371985482,3
0.13469451187919237,0.27354293100243915,0.3961542302813868,0.12604287029819336,0.06956544004107425,2
0.06989540687547743,0.2162135688064679,0.17263472916591566,0.10730048870517275,0.43395580937398004,4
0.010933783089697752,0.022210578906903245,0.14603060644766722,0.2666206690562833,0.5542043646281857,3
0.04436260077493764,0.43750089401544956,0.35278536840755564,0.13277149684066308,0.03257963583696556,1
0.006824837861694412,0.009135595232505428,0.012328851817603884,0.02759081627190912,0.9441198911993991,4
0.02946188726693607,0.40558998478907154,0.43730260214517486,0.08922153434366635,0.03842399977053128,1
0.11819392301952522,0.2743168895019991,0.2005346837626556,0.17716093160076365,0.2297935774368997,3
0.21484171497658391,0.605498672086923,0.12966266558095502,0.03409243288150395,0.015904532734608817,1
0.04786781907328804,0.13261213868628055,0.13686532582885416,0.5953971630536304,0.08725754125075336,1
0.045309764690871855,0.15446084014568867,0.21900255432685797,0.5206297998118844,0.060597038363775425,1
0.06160749422354672,0.4702455439772571,0.20383420858076184,0.18162899089600915,0.08268377961841593,3
0.032690183112546206,0.03522059935703257,0.298401183507418,0.40773046511350214,0.2259575780896808,4
0.10408847029663011,0.30435092199401065,0.31981598255012467,0.11694164139215202,0.1548029789774236,1
0.01783151212986833,0.1865275894946397,0.10454635242338052,0.03525019822166773,0.6558443513393186,4
0.05171769134663739,0.128207965476659,0.24259692119202914,0.3795117224997374,0.19796568631337494,3
0.0677516931269271,0.1051648005955409,0.14471305990955635,0.5437079919809316,0.1386624650972536,4
0.06988592224267613,0.4313524365023379,0.36506694220393043,0.10720312525311301,0.026491586171228126,2
0.05665353386048166,0.27823027199656736,0.5127826720182973,0.08745070502469661,0.0648828119111599,2
0.03373766084058197,0.46379843861463915,0.3735442081633482,0.07478322047420673,0.05413646991153267,3
0.08616337741820977,0.4068608736562244,0.2537945085098244,0.11148025119834394,0.14170099374096434,2
0.030967163338712335,0.6195290745692257,0.19607869079313364,0.1169156349145626,0.03650943884571832,1
0.0492110814124263,0.0686077229306216,0.12706918381458104,0.12669516382897344,0.6284168312495912,3
0.060292277334912193,0.3702593646485685,0.31451094942379737,0.17506978139575943,0.0798676149567228,1
0.178580883253513,0.363891550208563,0.20670217382107467,0.14506748810327832,0.1057578966308061,0
0.055620457213482785,0.1039280733886859,0.5874390919249384,0.1122779279401334,0.14073443103935399,2
0.026802138015210555,0.48462963589670366,0.37802451622734295,0.08834517151529561,0.022198551949409163,3
0.05510410166648201,0.4054132358038266,0.37981684118205844,0.10751775631123502,0.05214807531420783,2
0.03611497867367781,0.27423405461312994,0.36894237675743424,0.2634503286207063,0.05725825631256219,1
0.030509536512145254,0.3576407025343619,0.1886444302010899,0.10838941332550726,0.31481591672840364,2
0.037729280903833505,0.40402445907776785,0.4272277929799723,0.10455046418890097,0.02646801189665888,1
0.006260463635304144,0.004772406557349159,0.010141660074628253,0.034518629285820564,0.9443068455691721,4
0.03441749379554553,0.2639460700374966,0.4254960304758012,0.14040900972696327,0.13573140461218866,3
0.03334510556868019,0.3405973603608924,0.4116983163465318,0.19551002756334546,0.018849175991142476,2
0.03192836801384775,0.47659499277903106,0.3728810969510758,0.10061019000930818,0.017985357468795815,2
0.013882652383929968,0.034702404760768406,0.1470738162199225,0.5346934498631575,0.2696476895446457,4
0.12652220291543276,0.21625929290523627,0.1386823075456861,0.09860048998624103,0.4199357263382239,0
0.025115295722571485,0.36769352938717886,0.3570568441911964,0.23669515860847157,0.01343916773332258,1
0.05920660560546382,0.2555436475339608,0.2965978124796343,0.31189585903609884,0.07675608718594358,1
0.0629844685600891,0.6337230710591094,0.2177752909259602,0.05846607304596601,0.027051092683585038,1
0.03862655907990352,0.46216002933502376,0.29903045375302423,0.17592642011747098,0.024256533191010763,2
0.17568785419987937,0.4846449814843261,0.18182924307203369,0.08942693177581128,0.06841098773835051,1
0.03152263731041519,0.2278174689025805,0.6497943818937315,0.0719003156862724,0.01896522121966384,2
0.009415666274744688,0.08065527012054974,0.6112964977455786,0.18875897434780572,0.10987360258740757,3
0.0071387019721155295,0.009771962364898126,0.05351664787971721,0.1558290136144906,0.7737436771290538,4
0.016623506568674888,0.051076292866660204,0.21077671821261948,0.3316459763061948,0.3898774949365028,4
0.10277690572807266,0.2491401198092329,0.438345872723087,0.14969197891473093,0.06004513772603761,2
0.12069137413835761,0.2422904173989124,0.3192135900896316,0.15187532572527157,0.16592930914554094,2
0.026601934014345137,0.5400534700272169,0.2458983340055171,0.15777598817949137,0.029670271378599795,2
0.06989831223923319,0.2422112263520369,0.5085613761586963,0.11644808941126451,0.06288100142670441,2
0.004087208745235917,0.004191813154082313,0.01478942915445468,0.020371376574585414,0.9565601831317438,4
0.22435113752811928,0.3321620158689198,0.1983749686154835,0.11845133304189712,0.12666056197547876,0
0.03699802989167526,0.6255163875636167,0.22445696882819383,0.08258643151997833,0.03044218658705664,1
0.06333447127970597,0.2852191408395535,0.3144976783399578,0.10833656556512841,0.2286121371903041,3
0.12172369418803854,0.2702464457096785,0.4375312744041762,0.09543332633421646,0.07506525863213699,1
0.07343123382231578,0.4038321275725762,0.41965111488164647,0.07611716077284987,0.026968349379911345,1
0.006491026716048028,0.00729666194640688,0.014553681555395801,0.03145492501582098,0.9402037050324206,4
0.04866406807195577,0.216176111226184,0.4067987352825175,0.24613992860414466,0.08222115827870492,2
0.03125734435117743,0.4834942166022826,0.3546665272903024,0.11457899378209147,0.016002900977509282,3
0.1099448402604015,0.3546366039506125,0.26870187291609066,0.18601170902465558,0.0807049730499633,2
0.043052041094109025,0.060220060053498954,0.10940885522211197,0.2606565752706078,0.5266624678940109,3
0.05427505480926196,0.12081899856986866,0.3167164739903385,0.2070061911064345,0.3011832650263822,4
0.005074302216858736,0.004749683101435794,0.01706823811111912,0.031210415739617966,0.9418973649886585,4
0.06366605739044773,0.2935092972882302,0.3703065308067381,0.19030035556325284,0.08221774810807539,2
0.006686644674816633,0.007348024025441243,0.0282127870855652,0.0831923665321542,0.8745601716284259,4
0.12895377676613282,0.667624695496259,0.11891483288672995,0.06510643753901525,0.019400242876363112,1
0.07114307783949543,0.5613957769375648,0.2752969723921357,0.06816403674838693,0.02400013561675583,1
0.04235682250841995,0.199073336732392,0.19394293121723113,0.4591506754783973,0.10547621779867603,4
0.03171220885458134,0.43591760866078033,0.4369419987635334,0.0780139058882245,0.01741427204537601,1
0.05649332486519594,0.20418411835406486,0.4575022287821093,0.25387062373745556,0.027949713640923135,3
0.09203354245228963,0.40896891929094814,0.4145077393147391,0.062252521671821104,0.02223726529605457,1
0.057596041561161944,0.25116846781164065,0.2404081090869922,0.32945643411828723,0.12137094509361147,3
0.049109794127588265,0.3298507942451212,0.4120036568434991,0.16565616369045982,0.04337959009548598,2
0.11353073818817735,0.24411713541489033,0.22997439075367182,0.3951001702143536,0.017277569220720226,0
0.13322358242270094,0.3295612762695977,0.39399739344133905,0.08062227601790244,0.06259547504156594,1
0.48403272649144174,0.15399226790480539,0.2038949958397058,0.09431138619200997,0.06376862170939197,0
0.04466767460183834,0.3349668480781466,0.47036112328618707,0.1181212727853663,0.03188309215824054,2
0.055634570258137374,0.03780785409513933,0.13536446877053568,0.1300807625513255,0.6411123538875493,4
0.17661567489638133,0.37740605484523115,0.2585820694323264,0.09081081305635498,0.09658538843493655,1
0.04671893921203688,0.47075722914521173,0.3537379380576867,0.09034840659411174,0.038437490782766315,2
0.042960295485878874,0.3638607555608009,0.4152424483775633,0.11676121056123813,0.061175294138947324,2
0.0445632090941097,0.4015521261418611,0.3175549351526676,0.19678608420016389,0.039543662241527146,3
0.041202741641427454,0.4221719086775099,0.39464517792366266,0.11054127463358053,0.0314389033769853,1
0.14249666538012534,0.43479285399965856,0.18973278265339094,0.10364636973840893,0.1293313242370338,1
0.00440217065789439,0.006868374734897902,0.02921574350493054,0.12282394427314738,0.8366897476039709,4
0.0287171967853409,0.4742414015127935,0.37231782065300223,0.10983235051090544,0.014891236292200979,1
0.12825193588336375,0.4381025521279023,0.26960554549149335,0.07459479585629117,0.08944516644999788,1
0.10953979038509419,0.49436084443379646,0.2733961077349119,0.0727216760125723,0.049981584028023676,0
0.09462526395632186,0.3258739437295054,0.2928056385269568,0.11610336766139359,0.1705917733533984,4
0.06465802391401833,0.3670805833799344,0.41140581962876216,0.11393685335119201,0.04291871626689501,2
0.03625823844209947,0.51407608140207,0.3225695159511397,0.10885273602481528,0.01824343659504025,2
0.02852394860951662,0.6566015297715533,0.24769245455402236,0.04960613658241724,0.01757591744397437,2
0.05341159384911679,0.3152552042498757,0.30948964514661786,0.16450619396443353,0.1573373657169699,4
0.1947377541833198,0.38128975761756667,0.3139550729418556,0.07206494501249902,0.03795247816100085,2
0.17860187419543325,0.5444314119750717,0.14994092191117356,0.10216101440157274,0.024864774656258026,2
0.05256463096842911,0.43373296146830614,0.3650443198921627,0.1042537544346375,0.04440432405628493,3
0.017998562477187015,0.05948694200603075,0.0761012292798429,0.15053190959741533,0.6958813370152269,4
0.06168504971182919,0.31966901360382355,0.31530229032844137,0.09764301656598717,0.2057006355109002,0
0.06684240005046331,0.49374620233687155,0.31455211794410676,0.08294782436138468,0.041911456571111706,0
0.059359193348144226,0.4265338991176191,0.3882579413541369,0.06463218909669217,0.0612167617831081,2
0.1026031387333097,0.21721902969305554,0.3202032941299073,0.2536983121287887,0.10627623303161153,2
0.12390533968948363,0.477354757047701,0.2996147069449888,0.06967456203543893,0.029450625634392387,1
0.015113431202635527,0.00941421011980338,0.029895003807056095,0.1341018097175824,0.8114755549318095,4
0.04054900295871091,0.13475256157190502,0.7217197004588038,0.055485187329131,0.047493567804669325,4
0.03779221808687304,0.36829405775765106,0.46305971484693426,0.10423669975086787,0.026617325988864984,2
0.07896336826986282,0.4038667735807872,0.14152241055374262,0.3016422998551658,0.07400513643152475,3
0.04573699914972912,0.15836463511477367,0.4964498179834698,0.24178653335870637,0.05766200840624739,2
0.059996411128577405,0.2066658820156614,0.4328435594731177,0.15321973325126362,0.1472744135991955,4
0.02689930119384675,0.04282746236741218,0.116080062843867,0.1788406867030002,0.6353524928789476,4
0.2247502937460619,0.5287122462667541,0.17541454334136145,0.05354266591909542,0.017580251225650014,0
0.006544692874220865,0.004680434827600144,0.017592699166128996,0.059512031187763416,0.9116701309679848,4
0.03433596346779316,0.3508184151839033,0.2213950008272064,0.08798692983185721,0.3054636809768759,0
0.05995564357115777,0.2438215009843278,0.15577350845573368,0.4594471293570989,0.08100221623469799,4
0.029177270568134,0.02016759332743248,0.02541191587011273,0.02955453764782352,0.8956886640930918,4
0.05514731806074254,0.40681971383416765,0.37933775394851504,0.1065122695929891,0.05218295460856496,1
0.12436063752975209,0.2893362827533095,0.333285767266121,0.11935751505979593,0.133659793399639,4
0.01825617888539231,0.026048863552174395,0.22058218428358592,0.2882452750894448,0.4468674885435616,4
0.030035877144713473,0.24380987485749786,0.6246674236264653,0.08520593930680871,0.016280895375585944,1
0.03211503178563314,0.43907450293881445,0.27070648961284693,0.23561794198223437,0.022486033015240745,2
0.07335746544813412,0.5118974598084196,0.25021535237701137,0.09618643498636216,0.06834328671484237,2
0.032270886374007456,0.48638554799288436,0.3243225711177363,0.1371353352468146,0.01988565065382353,1
0.14791306057078465,0.6500010209508696,0.14900504137321433,0.036167328638968634,0.01691355318929879,0
0.03314743968188186,0.3124158081085321,0.33087091760795134,0.29692246350686513,0.02664336304548163,2
0.07232815993997575,0.29787149265855184,0.1475336129166736,0.1955554117898357,0.2867113232271474,2
0.7371198756197721,0.07793992568252002,0.05672580148919854,0.10385729518435231,0.024357094573576495,0
0.028145418148973998,0.5813062220276078,0.24206842114021268,0.12539002455242185,0.0230899201843805,2
0.0318371888291993,0.28388651010729277,0.3195838749880805,0.3443792013853185,0.02031322808278394,4
0.03816983881542144,0.6841418951606943,0.16120851670217526,0.08811700525408117,0.028362761796018147,1
0.016763030096878694,0.2396144312254381,0.2708945241213764,0.04006153125507628,0.432666473555605,2
0.037307557771593544,0.4852346909443059,0.3909231274748975,0.06926611392999252,0.017268494778480265,1
0.04617863040171751,0.11802439717112856,0.18706315558265102,0.500887148251022,0.1478466692587114,2
0.011709879219108607,0.02464230948584559,0.1604329336036813,0.2285090530352081,0.5747058299779996,1
0.11063306698040747,0.4668428424389641,0.24438921399481361,0.12941401928885454,0.04872085264034747,2
0.04234951382112251,0.23005256339947638,0.28909304172608413,0.2140391275201013,0.22446576377776403,2
0.03325322121519056,0.6131970863991496,0.2303458053594267,0.09835887805026232,0.024845014164768132,1
0.03347858552552619,0.6533284233387835,0.23920634933756996,0.04872582514808761,0.02526081482064917,1
0.057558496489702106,0.4769858666861276,0.24110113366265717,0.09596155014368364,0.1283929530178295,4
0.059659900579513155,0.43621318858367764,0.39346032979702894,0.0775503945607908,0.03311619000471058,1
0.06193030796038081,0.2466139329983132,0.34289188828888933,0.31835680468018196,0.030207068467064224,1
0.028219444227763762,0.19916512288349728,0.27239328256879913,0.45483271043655454,0.04538944141341527,1
0.17178668096327793,0.3976476731637982,0.3234210964256156,0.06643831337642833,0.04070625576170017,2
0.14293862131655086,0.32900796935910614,0.2986242585301415,0.19755556957813766,0.03187358241347858,2
0.11659565619172493,0.4142164452013228,0.20552230521160628,0.17521810416867054,0.08844750625657387,4
0.04536224614580081,0.116287601973639,0.21360189110765232,0.4134235721522617,0.21132466054792282,3
0.03376034512773495,0.13041714217899633,0.47676729183899036,0.30629833932898115,0.05275687796631458,3
0.0468613671458999,0.48722350308203893,0.2345274819978147,0.15797317676022554,0.07341446070294962,0
0.032517837473839,0.40439582763929255,0.3844467577392169,0.14733406968338444,0.03130548305031109,3
0.04201304443518637,0.48061663037275937,0.36693653721926595,0.07402217300869052,0.03641162041898725,1
0.07521275657833848,0.6617165628375004,0.20730359797031347,0.03762896726512853,0.018138119606193725,1
0.06310638076520683,0.6969623863791482,0.16264075030452127,0.05681480902711083,0.020475663445772084,1
0.005550892142179821,0.00822145707584932,0.014176847342218522,0.02143779793905747,0.9506129988483909,4
0.023127963496579838,0.20639018730352857,0.7061384189044819,0.050342529278616696,0.014000890007229585,1
0.0949698174690101,0.44630342680039314,0.2704491715637654,0.11773624358595122,0.0705413425765713,2
0.07716544090602308,0.21592913452562953,0.1497258190942972,0.06758226435575038,0.48959732488667773,2
0.07132061855493992,0.2033849313279112,0.4135719774252805,0.25385463625883903,0.057867830046817455,4
0.0300928210604229,0.3614223843222223,0.5632652162947849,0.03250440812670865,0.012715183999392263,2
0.003548958031094574,0.005581993787751766,0.012453143546422863,0.04970585145475415,0.9287100678316766,4
0.07074698245779538,0.6933655601758618,0.16359410720368356,0.05101257410809679,0.02128077372625603,1
0.042858060380869055,0.13011537125453562,0.19960900990678235,0.11194021521659073,0.5154773453034366,1
0.03140894463044112,0.4694312199433223,0.3875960589155677,0.0854407490945996,0.026123041918092334,1
0.03996390649286634,0.29857394502977463,0.5429115848061751,0.08618664335893855,0.03236390767286761,1
0.17639147010203618,0.5534289067501431,0.17921130807403804,0.05704843265028258,0.03391985351923875,1
0.004899707423256976,0.007839735126841536,0.022002678161920756,0.05213793840817161,0.9131199480310361,3
0.05333299115118568,0.5090495821463488,0.29263491810371567,0.10318556873496676,0.04179694149359759,1
0.036863127620178945,0.11755434364435384,0.16673081196595865,0.16423006538472135,0.5146216563740154,4
0.04308554739902999,0.4918958584354676,0.27592523049425755,0.14696468019475664,0.04212869205796045,1
0.006181707009638512,0.009454620696194177,0.02946232035253488,0.03896393018737739,0.9159374160166426,4
0.024876861770401538,0.22608497462731744,0.6749695546922417,0.05806692207321492,0.0160016818475963,2
0.009797969795436868,0.015500817952656617,0.0478409267749526,0.12876410641000546,0.7980961896773735,4
0.08835745156376071,0.43847686694221,0.3415376544848633,0.09847316569881745,0.03315485213016879,1
0.05933330184016976,0.39510306388032934,0.3663632421396671,0.12465914887618534,0.054541220911906656,1
0.04027060157602579,0.18633458749045648,0.37536608520765363,0.130896978705751,0.2671317414321777,1
0.03475493195177958,0.026994203374528514,0.46050290925434834,0.3205565820084834,0.15719137560612034,1
0.05451259514283111,0.4075414737257735,0.39731945043401945,0.09426712116008615,0.04635934995797191,1
0.03321786212117446,0.11400863727413833,0.18836615793669756,0.16801626078723295,0.4963910881339226,4
0.004727149847894907,0.0044913843443488855,0.01581778686456996,0.02864030751018576,0.9463233530560105,4
0.040929076256973514,0.508251988383417,0.25134178443842753,0.11257522860336303,0.08690192038865067,4
0.05235091003162064,0.2690442969574816,0.4061404205856863,0.06723228233468209,0.2052320916870823,1
0.026628654022785327,0.39504474528533684,0.43698564821115105,0.12337649350587228,0.017964458974854342,2
0.05313457949727537,0.39995506570438716,0.3492239293292227,0.17700019547784016,0.020686240468653767,2
0.28093498324067034,0.15647278116355587,0.159039847526435,0.26998594738729226,0.13356643615847963,3
0.02000659056630261,0.018060097858316058,0.016873971301064713,0.02936104035729658,0.9156983120242135,4
0.08933298197598442,0.18421859485522735,0.47832914596019316,0.1676349763187188,0.08048428532348476,2
0.03211293588021448,0.6460752703035261,0.17758441190778115,0.11020374193489045,0.034023626602456544,1
0.01929045763388117,0.02008224456411454,0.02426970404625547,0.03053980889632469,0.9058177937236194,4
0.027374428399634203,0.04453022897608246,0.23411770709702093,0.4074082336427951,0.28656939483302496,3
0.031879031443029685,0.504670778694513,0.3925934014820749,0.05573037624618062,0.015126400492669596,1
0.06672867329703111,0.09874044422316733,0.5212370470497824,0.21911434619718412,0.09417948657191341,3
0.058190854610446506,0.3765990482929685,0.3074077946337189,0.16840482175958954,0.08939748389638254,1
0.0608224538896573,0.1892023107067966,0.2731973603653627,0.35883956612310947,0.11793830785070518,2
0.03544151864243967,0.46795011749415816,0.2868655588437014,0.1641049420541689,0.045637880328045555,1
0.11570754455750705,0.28829214499305056,0.39904008750982206,0.126999163828017,0.06996104793573235,2
0.07455844733394794,0.20518750029443525,0.40187183743201654,0.2120953044234147,0.1062869078552638,3
0.02140481276672925,0.33770434385572967,0.21582163280572494,0.40937806957096173,0.01569113804057915,3
0.061123599172814055,0.20888560682865429,0.29638832769438034,0.3292791058590532,0.10432336130989762,2
0.057164353076250854,0.7075153330854281,0.18121443713810212,0.03878764930734812,0.01531823793677286,1
0.08971402609848078,0.0730262983992193,0.3665888602453479,0.23354079704477876,0.2371300230018322,2
0.053618434414550796,0.20918229857758572,0.6089018164768839,0.05256431384836481,0.07573314320187283,2
0.13527117583508694,0.1799058498901565,0.5137033954376041,0.12728203380706798,0.043837553411987654,1
0.023439919780437985,0.23016195478132048,0.17423085327001134,0.5185569291757649,0.05361035337005977,3
0.061563799951677385,0.3502682828919347,0.4083315862397103,0.12210128733365859,0.057735060479871494,2
0.02823891804266985,0.5222880708816863,0.3093624330846861,0.1022876439596214,0.03782293270087544,1
0.005635522788257471,0.007844254491423,0.022918226491484155,0.12309484951093703,0.8405071359744273,4
0.04660744050609485,0.33473481729821847,0.40724238579828587,0.14045904107798515,0.07095632084082802,1
0.06679245377358527,0.5276315808806442,0.26462217000328075,0.08090446106656346,0.0600493298854056,1
0.025844494592430607,0.29693446222205055,0.42090801196695293,0.17935261754958393,0.07696041626338064,2
0.13902726080594494,0.31991242804141323,0.20823122485413,0.30675878356712794,0.02607029321858909,0
0.007344046178502458,0.013600014112445892,0.08781212081682918,0.12893556107208215,0.7623082598158314,4
0.05269801220467081,0.1899351112417854,0.23788479877941504,0.44591197331137183,0.07357010619235603,3
0.0351999016588812,0.26987467861525516,0.20126131743070036,0.4338100237952216,0.05985407447529759,3
